method_key,method_label,checkpoint_step,fvd,psnr,ssim,sharpness,fft_hf,motion,lowfreq_motion,temporal_delta,source_file
corrected_global_mlp,Corrected Global MLP,0,72.36413179152842,17.202378933007815,0.696698632020494,0.348396905078759,0.9500368420807204,0.7369446842698009,0.731776183053605,9.541120243072509,data/benchmarks/corrected_global_mlp_hfteacher_v2_seed231_all5/model_summary_with_fvd.csv
corrected_global_mlp,Corrected Global MLP,100,81.63644564363048,17.02025259644429,0.6937482839522403,0.31702114182523006,0.9006587931157304,0.6903300361278404,0.6862877222788196,9.194565057754517,data/benchmarks/corrected_global_mlp_hfteacher_v2_seed231_all5/model_summary_with_fvd.csv
corrected_global_mlp,Corrected Global MLP,250,79.94608600676679,17.556071030738558,0.6943630728254176,0.29725568870895264,0.83291030980303,0.5844929417939193,0.5796654723093646,8.666931676864625,data/benchmarks/corrected_global_mlp_hfteacher_v2_seed231_all5/model_summary_with_fvd.csv
corrected_global_mlp,Corrected Global MLP,500,89.30611311541088,17.442488501237726,0.6965006549425591,0.2446499597691758,0.7664242422132339,0.5761765186626661,0.5715765561914196,8.660289096832276,data/benchmarks/corrected_global_mlp_hfteacher_v2_seed231_all5/model_summary_with_fvd.csv
corrected_global_mlp,Corrected Global MLP,1000,81.34194948780188,17.745522081750305,0.6988267562697003,0.24962906331587442,0.7897789421429169,0.5529104133613035,0.5482042736027372,8.475173616409302,data/benchmarks/corrected_global_mlp_hfteacher_v2_seed231_all5/model_summary_with_fvd.csv
corrected_global_mlp,Corrected Global MLP,1500,83.30093778390119,17.927332546929595,0.70347525000958,0.22747116581444393,0.7268850288747127,0.5318479734592778,0.5280123066982733,8.33817753791809,data/benchmarks/corrected_global_mlp_hfteacher_v2_seed231_all5/model_summary_with_fvd.csv
corrected_global_mlp,Corrected Global MLP,2000,94.44302424498201,17.881884349303043,0.6984870872946802,0.20488972036419922,0.6536241373062801,0.5057154408048843,0.5021868348122401,8.294847440719604,data/benchmarks/corrected_global_mlp_hfteacher_v2_seed231_all5/model_summary_with_fvd.csv
corrected_global_mlp,Corrected Global MLP,2500,87.65755393282905,17.95902134739044,0.7318803286188491,0.21670299081573713,0.6880950991102388,0.5401758397475214,0.5353273726089421,8.2625226020813,data/benchmarks/corrected_global_mlp_hfteacher_v2_seed231_all5/model_summary_with_fvd.csv
corrected_global_mlp,Corrected Global MLP,3000,84.89285189146119,18.186785898803468,0.7251797295862155,0.20502717989313446,0.6652804995634157,0.5235811804731542,0.5199082226507584,8.266854333877564,data/benchmarks/corrected_global_mlp_hfteacher_v2_seed231_all5/model_summary_with_fvd.csv
frame_adaln_2epoch,"Frame AdaLN, 2 epoch",0,69.33028635547697,17.85431206468592,0.7609371202173045,0.2782452869031642,nan,0.8059512034734901,nan,10.065430212020875,data/benchmarks/frame_action_2epoch_checkpoint_sweep_seed231_all5/frame_action_2epoch_checkpoint_sweep_summary_with_fvd.csv
frame_adaln_2epoch,"Frame AdaLN, 2 epoch",100,79.4890355440368,18.49735266416736,0.768873414863634,0.17237632700858757,nan,0.6702647426523121,nan,9.415040540695191,data/benchmarks/frame_action_2epoch_checkpoint_sweep_seed231_all5/frame_action_2epoch_checkpoint_sweep_summary_with_fvd.csv
frame_adaln_2epoch,"Frame AdaLN, 2 epoch",250,82.31967777136856,18.4189708466943,0.7673771239822593,0.1537563785336466,nan,0.6048576472366138,nan,9.285115480422974,data/benchmarks/frame_action_2epoch_checkpoint_sweep_seed231_all5/frame_action_2epoch_checkpoint_sweep_summary_with_fvd.csv
frame_adaln_2epoch,"Frame AdaLN, 2 epoch",500,78.55764130033802,18.65925503128732,0.7671077414123151,0.12855197374174007,nan,0.5033847377884308,nan,8.610178804397583,data/benchmarks/frame_action_2epoch_checkpoint_sweep_seed231_all5/frame_action_2epoch_checkpoint_sweep_summary_with_fvd.csv
frame_adaln_2epoch,"Frame AdaLN, 2 epoch",1000,79.47699319207018,17.997481159365613,0.755187149286195,0.15233127444365785,nan,0.5443556459223294,nan,8.689752960205078,data/benchmarks/frame_action_2epoch_checkpoint_sweep_seed231_all5/frame_action_2epoch_checkpoint_sweep_summary_with_fvd.csv
frame_adaln_2epoch,"Frame AdaLN, 2 epoch",1500,93.91433402638029,18.420060237729018,0.7623152822525594,0.12834999132700517,nan,0.5295777232479477,nan,8.599023914337158,data/benchmarks/frame_action_2epoch_checkpoint_sweep_seed231_all5/frame_action_2epoch_checkpoint_sweep_summary_with_fvd.csv
frame_adaln_2epoch,"Frame AdaLN, 2 epoch",2000,97.6136279912754,18.510997364387244,0.7636147858940406,0.14029616816775997,nan,0.5676057088862967,nan,8.87319655418396,data/benchmarks/frame_action_2epoch_checkpoint_sweep_seed231_all5/frame_action_2epoch_checkpoint_sweep_summary_with_fvd.csv
frame_adaln_2epoch,"Frame AdaLN, 2 epoch",2500,82.59117189455861,18.9890161583616,0.7925849779988742,0.12873078739553112,nan,0.4716494919306465,nan,8.083077144622802,data/benchmarks/frame_action_2epoch_checkpoint_sweep_seed231_all5/frame_action_2epoch_checkpoint_sweep_summary_with_fvd.csv
frame_adaln_2epoch,"Frame AdaLN, 2 epoch",3000,92.49037412659442,18.430317171504363,0.7413687695004325,0.12265819054744675,nan,0.5075512781033588,nan,8.517647790908814,data/benchmarks/frame_action_2epoch_checkpoint_sweep_seed231_all5/frame_action_2epoch_checkpoint_sweep_summary_with_fvd.csv
frame_adaln_2epoch,"Frame AdaLN, 2 epoch",4000,77.60752615160709,19.067010507860324,0.7896365815699372,0.13491529216648196,nan,0.5510378960130355,nan,8.751795959472656,data/benchmarks/frame_action_2epoch_checkpoint_sweep_seed231_all5/frame_action_2epoch_checkpoint_sweep_summary_with_fvd.csv
frame_adaln_2epoch,"Frame AdaLN, 2 epoch",5000,92.08970136029072,18.67727175961321,0.771063390049185,0.11839659851159831,nan,0.4846011999704114,nan,8.423970460891724,data/benchmarks/frame_action_2epoch_checkpoint_sweep_seed231_all5/frame_action_2epoch_checkpoint_sweep_summary_with_fvd.csv
frame_adaln_2epoch,"Frame AdaLN, 2 epoch",6000,86.09018646912551,18.97525284795483,0.7882360794869221,0.12432436456468718,nan,0.47501304935808814,nan,8.294408750534057,data/benchmarks/frame_action_2epoch_checkpoint_sweep_seed231_all5/frame_action_2epoch_checkpoint_sweep_summary_with_fvd.csv
frame_adaln_2epoch,"Frame AdaLN, 2 epoch",7000,94.52441091261801,19.317210066800904,0.7973796364080019,0.11091538131114516,nan,0.40656594354811365,nan,7.803693056106567,data/benchmarks/frame_action_2epoch_checkpoint_sweep_seed231_all5/frame_action_2epoch_checkpoint_sweep_summary_with_fvd.csv
frame_adaln_2epoch,"Frame AdaLN, 2 epoch",7992,89.40221337624786,18.844353224745436,0.778929530535943,0.12482991528601077,nan,0.47260705390001345,nan,8.297551155090332,data/benchmarks/frame_action_2epoch_checkpoint_sweep_seed231_all5/frame_action_2epoch_checkpoint_sweep_summary_with_fvd.csv
frame_adaln_2epoch,"Frame AdaLN, 2 epoch",10000,79.94691116298276,19.160871760712105,0.7861785307174,0.11424353312514637,nan,0.47753173020722217,nan,8.257405328750611,data/benchmarks/frame_action_2epoch_checkpoint_sweep_seed231_all5/frame_action_2epoch_checkpoint_sweep_summary_with_fvd.csv
frame_adaln_2epoch,"Frame AdaLN, 2 epoch",12000,91.48129823766754,19.320856253608827,0.7977302801289283,0.12474136988719065,nan,0.4475268617431432,nan,8.149637603759766,data/benchmarks/frame_action_2epoch_checkpoint_sweep_seed231_all5/frame_action_2epoch_checkpoint_sweep_summary_with_fvd.csv
frame_adaln_2epoch,"Frame AdaLN, 2 epoch",14000,90.20682591409673,19.213331838704825,0.7988103165319475,0.11678446487023275,nan,0.4876403246543316,nan,8.247371292114257,data/benchmarks/frame_action_2epoch_checkpoint_sweep_seed231_all5/frame_action_2epoch_checkpoint_sweep_summary_with_fvd.csv
frame_adaln_2epoch,"Frame AdaLN, 2 epoch",15984,97.54932722891223,18.68101837540843,0.7893755008264322,0.11052349035440474,nan,0.45922445174349813,nan,8.090738296508789,data/benchmarks/frame_action_2epoch_checkpoint_sweep_seed231_all5/frame_action_2epoch_checkpoint_sweep_summary_with_fvd.csv
frame_global_mlp_2epoch,"Frame Global MLP, 2 epoch",0,69.28439593586126,18.04057585897761,0.7609906927750081,0.26582225512855895,nan,0.7815679903312978,nan,9.97663860321045,data/benchmarks/frame_action_2epoch_checkpoint_sweep_seed231_all5/frame_action_2epoch_checkpoint_sweep_summary_with_fvd.csv
frame_global_mlp_2epoch,"Frame Global MLP, 2 epoch",100,67.60697880998586,17.379707770482355,0.7489391733589225,0.26007436840711595,nan,0.7929061127197552,nan,9.872001123428344,data/benchmarks/frame_action_2epoch_checkpoint_sweep_seed231_all5/frame_action_2epoch_checkpoint_sweep_summary_with_fvd.csv
frame_global_mlp_2epoch,"Frame Global MLP, 2 epoch",250,67.59115858142204,17.534682322132312,0.7222023592315525,0.21002579504190408,nan,0.6483570385498839,nan,9.01907000541687,data/benchmarks/frame_action_2epoch_checkpoint_sweep_seed231_all5/frame_action_2epoch_checkpoint_sweep_summary_with_fvd.csv
frame_global_mlp_2epoch,"Frame Global MLP, 2 epoch",500,63.74939300936697,17.414200394066523,0.7270106856963613,0.2146139748472125,nan,0.6801794924293707,nan,9.192081022262574,data/benchmarks/frame_action_2epoch_checkpoint_sweep_seed231_all5/frame_action_2epoch_checkpoint_sweep_summary_with_fvd.csv
frame_global_mlp_2epoch,"Frame Global MLP, 2 epoch",1000,63.62853037198022,17.82060089160036,0.7488698673414204,0.18093773331002247,nan,0.6501657604967128,nan,9.143151712417602,data/benchmarks/frame_action_2epoch_checkpoint_sweep_seed231_all5/frame_action_2epoch_checkpoint_sweep_summary_with_fvd.csv
frame_global_mlp_2epoch,"Frame Global MLP, 2 epoch",1500,68.01140283597448,17.61677926282533,0.7380832261579666,0.15034479067334555,nan,0.5864032068271279,nan,8.782499074935913,data/benchmarks/frame_action_2epoch_checkpoint_sweep_seed231_all5/frame_action_2epoch_checkpoint_sweep_summary_with_fvd.csv
frame_global_mlp_2epoch,"Frame Global MLP, 2 epoch",2000,75.45521960933118,17.679595210346854,0.7340447530879521,0.15523543099790607,nan,0.5923134640361696,nan,8.834335660934448,data/benchmarks/frame_action_2epoch_checkpoint_sweep_seed231_all5/frame_action_2epoch_checkpoint_sweep_summary_with_fvd.csv
frame_global_mlp_2epoch,"Frame Global MLP, 2 epoch",2500,79.26609796002134,17.94300696675752,0.7438738707376922,0.1175593877511885,nan,0.4880276563271842,nan,8.317188692092895,data/benchmarks/frame_action_2epoch_checkpoint_sweep_seed231_all5/frame_action_2epoch_checkpoint_sweep_summary_with_fvd.csv
frame_global_mlp_2epoch,"Frame Global MLP, 2 epoch",3000,85.04119665843822,17.8879632103807,0.7382309562692451,0.10504769703116386,nan,0.4976850130232272,nan,8.317791271209718,data/benchmarks/frame_action_2epoch_checkpoint_sweep_seed231_all5/frame_action_2epoch_checkpoint_sweep_summary_with_fvd.csv
frame_global_mlp_2epoch,"Frame Global MLP, 2 epoch",4000,71.26127292115558,17.27232591343219,0.7162536037479497,0.13763316781246687,nan,0.5788462950914595,nan,8.855355167388916,data/benchmarks/frame_action_2epoch_checkpoint_sweep_seed231_all5/frame_action_2epoch_checkpoint_sweep_summary_with_fvd.csv
frame_global_mlp_2epoch,"Frame Global MLP, 2 epoch",5000,70.13326368535397,17.61224938465342,0.7299699534574831,0.1407380270263184,nan,0.5638101266851714,nan,8.705659198760987,data/benchmarks/frame_action_2epoch_checkpoint_sweep_seed231_all5/frame_action_2epoch_checkpoint_sweep_summary_with_fvd.csv
frame_global_mlp_2epoch,"Frame Global MLP, 2 epoch",6000,74.99037015669566,17.871223233504473,0.7442268693968913,0.13504086655160044,nan,0.5603297613181193,nan,8.732991981506348,data/benchmarks/frame_action_2epoch_checkpoint_sweep_seed231_all5/frame_action_2epoch_checkpoint_sweep_summary_with_fvd.csv
frame_global_mlp_2epoch,"Frame Global MLP, 2 epoch",7000,75.88472621545753,18.427937485353247,0.7701940623486887,0.12477019757712353,nan,0.5170688102172901,nan,8.336466407775879,data/benchmarks/frame_action_2epoch_checkpoint_sweep_seed231_all5/frame_action_2epoch_checkpoint_sweep_summary_with_fvd.csv
frame_global_mlp_2epoch,"Frame Global MLP, 2 epoch",7992,66.26050915119123,18.695280643286253,0.7820801741245702,0.13434524941593523,nan,0.49755851097462517,nan,8.299567556381225,data/benchmarks/frame_action_2epoch_checkpoint_sweep_seed231_all5/frame_action_2epoch_checkpoint_sweep_summary_with_fvd.csv
frame_global_mlp_2epoch,"Frame Global MLP, 2 epoch",10000,75.38971322925266,18.581145925732123,0.7708665590666178,0.12885430198573325,nan,0.44919875393840714,nan,8.03291301727295,data/benchmarks/frame_action_2epoch_checkpoint_sweep_seed231_all5/frame_action_2epoch_checkpoint_sweep_summary_with_fvd.csv
frame_global_mlp_2epoch,"Frame Global MLP, 2 epoch",12000,68.46160489359534,18.216568074750697,0.7515739253305251,0.13963392592053972,nan,0.538885798413607,nan,8.386756229400635,data/benchmarks/frame_action_2epoch_checkpoint_sweep_seed231_all5/frame_action_2epoch_checkpoint_sweep_summary_with_fvd.csv
frame_global_mlp_2epoch,"Frame Global MLP, 2 epoch",14000,68.79151089034895,18.54906206649106,0.7715119793580668,0.14208601699293805,nan,0.5108257925309151,nan,8.445961570739746,data/benchmarks/frame_action_2epoch_checkpoint_sweep_seed231_all5/frame_action_2epoch_checkpoint_sweep_summary_with_fvd.csv
frame_global_mlp_2epoch,"Frame Global MLP, 2 epoch",15984,74.06837437638313,18.45179437268547,0.7641419322048513,0.1303998296639381,nan,0.47123167616652123,nan,8.12229356765747,data/benchmarks/frame_action_2epoch_checkpoint_sweep_seed231_all5/frame_action_2epoch_checkpoint_sweep_summary_with_fvd.csv
frame_temporal_pool_2epoch,"Frame temporal pool, 2 epoch",0,70.03979734096691,17.984167943362678,0.7571353683191425,0.26517589724452784,nan,0.7845281596124547,nan,10.033317422866821,data/benchmarks/frame_action_2epoch_checkpoint_sweep_seed231_all5/frame_action_2epoch_checkpoint_sweep_summary_with_fvd.csv
frame_temporal_pool_2epoch,"Frame temporal pool, 2 epoch",100,66.27274685070705,17.700398434188834,0.7548087916050437,0.22831472174483394,nan,0.7187624345477571,nan,9.374593448638915,data/benchmarks/frame_action_2epoch_checkpoint_sweep_seed231_all5/frame_action_2epoch_checkpoint_sweep_summary_with_fvd.csv
frame_temporal_pool_2epoch,"Frame temporal pool, 2 epoch",250,76.10949890471983,17.47626832051919,0.724183955675327,0.15941593905674717,nan,0.6003811310184508,nan,8.53981990814209,data/benchmarks/frame_action_2epoch_checkpoint_sweep_seed231_all5/frame_action_2epoch_checkpoint_sweep_summary_with_fvd.csv
frame_temporal_pool_2epoch,"Frame temporal pool, 2 epoch",500,68.26981433411055,17.56992618899157,0.7240034413247886,0.1843776690902698,nan,0.5900148147246995,nan,8.647807788848876,data/benchmarks/frame_action_2epoch_checkpoint_sweep_seed231_all5/frame_action_2epoch_checkpoint_sweep_summary_with_fvd.csv
frame_temporal_pool_2epoch,"Frame temporal pool, 2 epoch",1000,68.18149551509697,18.218296331312963,0.7478849463463504,0.15599598518719268,nan,0.5882232992890086,nan,8.825245475769043,data/benchmarks/frame_action_2epoch_checkpoint_sweep_seed231_all5/frame_action_2epoch_checkpoint_sweep_summary_with_fvd.csv
frame_temporal_pool_2epoch,"Frame temporal pool, 2 epoch",1500,80.68064778219792,17.8835670517878,0.7413509502526742,0.1460039250644528,nan,0.6036807575701255,nan,8.937053155899047,data/benchmarks/frame_action_2epoch_checkpoint_sweep_seed231_all5/frame_action_2epoch_checkpoint_sweep_summary_with_fvd.csv
frame_temporal_pool_2epoch,"Frame temporal pool, 2 epoch",2000,73.51566978417836,17.963995249159932,0.7486778733040251,0.1627317208327169,nan,0.6203406799756126,nan,8.912494945526124,data/benchmarks/frame_action_2epoch_checkpoint_sweep_seed231_all5/frame_action_2epoch_checkpoint_sweep_summary_with_fvd.csv
frame_temporal_pool_2epoch,"Frame temporal pool, 2 epoch",2500,82.1223125287994,18.64485943091571,0.7712537126200869,0.1433444117481827,nan,0.5334622885230951,nan,8.67036681175232,data/benchmarks/frame_action_2epoch_checkpoint_sweep_seed231_all5/frame_action_2epoch_checkpoint_sweep_summary_with_fvd.csv
frame_temporal_pool_2epoch,"Frame temporal pool, 2 epoch",3000,93.28994622335915,18.745108819841132,0.7722965879608148,0.10182582907575455,nan,0.4962932038875419,nan,8.411408090591431,data/benchmarks/frame_action_2epoch_checkpoint_sweep_seed231_all5/frame_action_2epoch_checkpoint_sweep_summary_with_fvd.csv
frame_temporal_pool_2epoch,"Frame temporal pool, 2 epoch",4000,81.55886013745277,17.916790114093025,0.7273190340193884,0.13081548774030702,nan,0.5328166062937155,nan,8.407218790054321,data/benchmarks/frame_action_2epoch_checkpoint_sweep_seed231_all5/frame_action_2epoch_checkpoint_sweep_summary_with_fvd.csv
frame_temporal_pool_2epoch,"Frame temporal pool, 2 epoch",5000,71.929456049616,17.725395798419488,0.7257521820504153,0.12438136111541853,nan,0.5096545815751048,nan,8.131488800048828,data/benchmarks/frame_action_2epoch_checkpoint_sweep_seed231_all5/frame_action_2epoch_checkpoint_sweep_summary_with_fvd.csv
frame_temporal_pool_2epoch,"Frame temporal pool, 2 epoch",6000,73.50809848302623,17.739475419189386,0.72607080362237,0.1198603748459413,nan,0.5088466249775812,nan,8.194370365142822,data/benchmarks/frame_action_2epoch_checkpoint_sweep_seed231_all5/frame_action_2epoch_checkpoint_sweep_summary_with_fvd.csv
frame_temporal_pool_2epoch,"Frame temporal pool, 2 epoch",7000,89.88137080960266,17.878174203182834,0.7584916400395809,0.11390592914329237,nan,0.4487611474844074,nan,8.03700566291809,data/benchmarks/frame_action_2epoch_checkpoint_sweep_seed231_all5/frame_action_2epoch_checkpoint_sweep_summary_with_fvd.csv
frame_temporal_pool_2epoch,"Frame temporal pool, 2 epoch",7992,73.81642753047993,18.509870446171373,0.768491325400824,0.12232302246285906,nan,0.47553072267517466,nan,7.951507329940796,data/benchmarks/frame_action_2epoch_checkpoint_sweep_seed231_all5/frame_action_2epoch_checkpoint_sweep_summary_with_fvd.csv
frame_temporal_pool_2epoch,"Frame temporal pool, 2 epoch",10000,81.49313446296028,17.932223112340306,0.7362850861955199,0.1007357727918351,nan,0.43583380892340917,nan,7.790848731994629,data/benchmarks/frame_action_2epoch_checkpoint_sweep_seed231_all5/frame_action_2epoch_checkpoint_sweep_summary_with_fvd.csv
frame_temporal_pool_2epoch,"Frame temporal pool, 2 epoch",12000,77.24628061973252,18.49857425075995,0.7710038412295093,0.13672723276132887,nan,0.49744289627365357,nan,8.33100209236145,data/benchmarks/frame_action_2epoch_checkpoint_sweep_seed231_all5/frame_action_2epoch_checkpoint_sweep_summary_with_fvd.csv
frame_temporal_pool_2epoch,"Frame temporal pool, 2 epoch",14000,79.22466746004667,18.340473445357176,0.7720765298550023,0.1346824279724102,nan,0.49594862796733963,nan,8.203336477279663,data/benchmarks/frame_action_2epoch_checkpoint_sweep_seed231_all5/frame_action_2epoch_checkpoint_sweep_summary_with_fvd.csv
frame_temporal_pool_2epoch,"Frame temporal pool, 2 epoch",15984,86.61756898357265,18.083239666977892,0.7530349963338279,0.12165470374057386,nan,0.49063328001482354,nan,8.37072525024414,data/benchmarks/frame_action_2epoch_checkpoint_sweep_seed231_all5/frame_action_2epoch_checkpoint_sweep_summary_with_fvd.csv
frame_transformer_2epoch,"Frame transformer, 2 epoch",0,69.05365885118673,17.886726000336736,0.7510266876866176,0.2733695631041923,nan,0.7816790746982949,nan,10.086456155776977,data/benchmarks/frame_action_2epoch_checkpoint_sweep_seed231_all5/frame_action_2epoch_checkpoint_sweep_summary_with_fvd.csv
frame_transformer_2epoch,"Frame transformer, 2 epoch",100,67.06832515228007,17.562994967199426,0.748328028609204,0.24726908587793045,nan,0.7422739255329907,nan,9.56098484992981,data/benchmarks/frame_action_2epoch_checkpoint_sweep_seed231_all5/frame_action_2epoch_checkpoint_sweep_summary_with_fvd.csv
frame_transformer_2epoch,"Frame transformer, 2 epoch",250,68.94896646629357,17.357723191085107,0.7252180539655032,0.18246981291374964,nan,0.621213534240258,nan,8.831609296798707,data/benchmarks/frame_action_2epoch_checkpoint_sweep_seed231_all5/frame_action_2epoch_checkpoint_sweep_summary_with_fvd.csv
frame_transformer_2epoch,"Frame transformer, 2 epoch",500,69.60442049191707,17.319495032866577,0.7445655225774503,0.1778139743251608,nan,0.6378549616132589,nan,8.959375381469727,data/benchmarks/frame_action_2epoch_checkpoint_sweep_seed231_all5/frame_action_2epoch_checkpoint_sweep_summary_with_fvd.csv
frame_transformer_2epoch,"Frame transformer, 2 epoch",1000,73.11747723743733,17.574495352277125,0.7425521323878792,0.1527412006341043,nan,0.6077575837920841,nan,9.0459810256958,data/benchmarks/frame_action_2epoch_checkpoint_sweep_seed231_all5/frame_action_2epoch_checkpoint_sweep_summary_with_fvd.csv
frame_transformer_2epoch,"Frame transformer, 2 epoch",1500,81.25351803339089,17.696858675468818,0.732648817976596,0.16025565405451797,nan,0.6222025256139794,nan,9.115373468399047,data/benchmarks/frame_action_2epoch_checkpoint_sweep_seed231_all5/frame_action_2epoch_checkpoint_sweep_summary_with_fvd.csv
frame_transformer_2epoch,"Frame transformer, 2 epoch",2000,71.90411580534621,17.749946071663167,0.7471630959098532,0.1566968253909,nan,0.6186307295793128,nan,9.04854769706726,data/benchmarks/frame_action_2epoch_checkpoint_sweep_seed231_all5/frame_action_2epoch_checkpoint_sweep_summary_with_fvd.csv
frame_transformer_2epoch,"Frame transformer, 2 epoch",2500,74.84939512664232,18.61185546241816,0.7759812045564773,0.13741558423327466,nan,0.5071856524433078,nan,8.487088108062744,data/benchmarks/frame_action_2epoch_checkpoint_sweep_seed231_all5/frame_action_2epoch_checkpoint_sweep_summary_with_fvd.csv
frame_transformer_2epoch,"Frame transformer, 2 epoch",3000,86.83814893298057,17.81515751637433,0.7529662513855186,0.11569677688330375,nan,0.4722775945921135,nan,8.16369571685791,data/benchmarks/frame_action_2epoch_checkpoint_sweep_seed231_all5/frame_action_2epoch_checkpoint_sweep_summary_with_fvd.csv
frame_transformer_2epoch,"Frame transformer, 2 epoch",4000,65.36449242496022,17.63490736662886,0.7334181237923107,0.15043020747783314,nan,0.6126198666528155,nan,9.085933494567872,data/benchmarks/frame_action_2epoch_checkpoint_sweep_seed231_all5/frame_action_2epoch_checkpoint_sweep_summary_with_fvd.csv
frame_transformer_2epoch,"Frame transformer, 2 epoch",5000,77.6237787105336,18.03486135475122,0.7563556035949922,0.13601156045917612,nan,0.5618617644853898,nan,8.597846794128419,data/benchmarks/frame_action_2epoch_checkpoint_sweep_seed231_all5/frame_action_2epoch_checkpoint_sweep_summary_with_fvd.csv
frame_transformer_2epoch,"Frame transformer, 2 epoch",6000,75.70775259201054,17.974575219801828,0.7408246201061871,0.1421777229733302,nan,0.5782686392698009,nan,8.87694001197815,data/benchmarks/frame_action_2epoch_checkpoint_sweep_seed231_all5/frame_action_2epoch_checkpoint_sweep_summary_with_fvd.csv
frame_transformer_2epoch,"Frame transformer, 2 epoch",7000,87.39936792334598,18.333418965805702,0.7679073335531531,0.12324345104302206,nan,0.5310505005755302,nan,8.471306562423706,data/benchmarks/frame_action_2epoch_checkpoint_sweep_seed231_all5/frame_action_2epoch_checkpoint_sweep_summary_with_fvd.csv
frame_transformer_2epoch,"Frame transformer, 2 epoch",7992,73.84429708840435,18.172908768078713,0.7589258637400619,0.13052131290637392,nan,0.5325964890394421,nan,8.4928729057312,data/benchmarks/frame_action_2epoch_checkpoint_sweep_seed231_all5/frame_action_2epoch_checkpoint_sweep_summary_with_fvd.csv
frame_transformer_2epoch,"Frame transformer, 2 epoch",10000,96.71765216936515,18.091522437830847,0.7560999491743574,0.10768567002296814,nan,0.4793435561004413,nan,8.154578495025635,data/benchmarks/frame_action_2epoch_checkpoint_sweep_seed231_all5/frame_action_2epoch_checkpoint_sweep_summary_with_fvd.csv
frame_transformer_2epoch,"Frame transformer, 2 epoch",12000,66.33836268999514,18.218894620194487,0.7602434335480145,0.15035312302250475,nan,0.5890495421487161,nan,8.771245002746582,data/benchmarks/frame_action_2epoch_checkpoint_sweep_seed231_all5/frame_action_2epoch_checkpoint_sweep_summary_with_fvd.csv
frame_transformer_2epoch,"Frame transformer, 2 epoch",14000,61.89878358266921,17.390662422316833,0.7391812349220742,0.13964514443871454,nan,0.5302896788202769,nan,8.24565086364746,data/benchmarks/frame_action_2epoch_checkpoint_sweep_seed231_all5/frame_action_2epoch_checkpoint_sweep_summary_with_fvd.csv
frame_transformer_2epoch,"Frame transformer, 2 epoch",15984,64.73390938992983,18.023591881161366,0.763382286207222,0.15236212120458595,nan,0.5943780791695035,nan,8.830659818649291,data/benchmarks/frame_action_2epoch_checkpoint_sweep_seed231_all5/frame_action_2epoch_checkpoint_sweep_summary_with_fvd.csv
hfteacher_v1,Temporal bottleneck HF-teacher v1,0,68.84957475809631,17.860470244979687,0.7626198711879757,0.2665506184562735,0.8261375466770058,0.7871172377627403,0.7830216068489726,9.943131732940675,data/benchmarks/frame_temporal_bottleneck_hfteacher_checkpoint_sweep_seed231_all5/frame_temporal_bottleneck_hfteacher_summary_with_fvd.csv
hfteacher_v1,Temporal bottleneck HF-teacher v1,100,71.3032504982566,18.11093505801684,0.7630956273636713,0.22495211994432607,0.7486230310093482,0.7381124039044888,0.7322799782020316,9.644182872772216,data/benchmarks/frame_temporal_bottleneck_hfteacher_checkpoint_sweep_seed231_all5/frame_temporal_bottleneck_hfteacher_summary_with_fvd.csv
hfteacher_v1,Temporal bottleneck HF-teacher v1,250,64.79880788224577,18.833430634120834,0.7770638186005687,0.1573055907317973,0.5726283834875238,0.5869736266552039,0.584500067898348,8.893826341629028,data/benchmarks/frame_temporal_bottleneck_hfteacher_checkpoint_sweep_seed231_all5/frame_temporal_bottleneck_hfteacher_summary_with_fvd.csv
hfteacher_v1,Temporal bottleneck HF-teacher v1,500,71.59321890241534,18.726528828528963,0.7725306716747115,0.14133867230223723,0.5268965029449786,0.557163862924601,0.5535461092577746,8.619312572479249,data/benchmarks/frame_temporal_bottleneck_hfteacher_checkpoint_sweep_seed231_all5/frame_temporal_bottleneck_hfteacher_summary_with_fvd.csv
hfteacher_v1,Temporal bottleneck HF-teacher v1,1000,69.12385717522127,18.723027190173454,0.7720644736373756,0.1327004418593492,0.5076454434341116,0.5315544165790416,0.5295171919268138,8.515195894241334,data/benchmarks/frame_temporal_bottleneck_hfteacher_checkpoint_sweep_seed231_all5/frame_temporal_bottleneck_hfteacher_summary_with_fvd.csv
hfteacher_v1,Temporal bottleneck HF-teacher v1,1500,79.010614910984,18.589812954329467,0.7649988134732935,0.12604265155593958,0.4819812053240538,0.5178467552246925,0.5147523238785081,8.429141664505005,data/benchmarks/frame_temporal_bottleneck_hfteacher_checkpoint_sweep_seed231_all5/frame_temporal_bottleneck_hfteacher_summary_with_fvd.csv
hfteacher_v1,Temporal bottleneck HF-teacher v1,2000,85.1991145626676,18.61589622074669,0.7675948178362126,0.11624774205859642,0.44525692563358366,0.49775613814229136,0.49351278281332334,8.285700368881226,data/benchmarks/frame_temporal_bottleneck_hfteacher_checkpoint_sweep_seed231_all5/frame_temporal_bottleneck_hfteacher_summary_with_fvd.csv
hfteacher_v1,Temporal bottleneck HF-teacher v1,2500,81.89068302117033,18.88163515849056,0.7726790366076386,0.1158973906947595,0.44265336505820374,0.48586591444475874,0.48371234248870054,8.284578561782837,data/benchmarks/frame_temporal_bottleneck_hfteacher_checkpoint_sweep_seed231_all5/frame_temporal_bottleneck_hfteacher_summary_with_fvd.csv
hfteacher_v1,Temporal bottleneck HF-teacher v1,3000,77.78779660775609,18.461871823082774,0.7582748020317801,0.12168182514763955,0.469038015317423,0.4880780960278763,0.48545996213555515,8.32582106590271,data/benchmarks/frame_temporal_bottleneck_hfteacher_checkpoint_sweep_seed231_all5/frame_temporal_bottleneck_hfteacher_summary_with_fvd.csv
hfteacher_v2,Temporal bottleneck HF-teacher v2,0,77.11128516737966,17.140079075958088,0.7005796055490707,0.3885047524524423,0.9851567284339302,0.723039740998951,0.7163740259159738,9.35077748298645,data/benchmarks/corrected_global_mlp_hfteacher_v2_seed231_all5/model_summary_with_fvd.csv
hfteacher_v2,Temporal bottleneck HF-teacher v2,50,76.57131946201582,17.135160840361443,0.7004891160494155,0.38961962325753313,0.9878037189698137,0.7238731713827201,0.7177822356111386,9.36087064743042,data/benchmarks/corrected_global_mlp_hfteacher_v2_seed231_all5/model_summary_with_fvd.csv
hfteacher_v2,Temporal bottleneck HF-teacher v2,100,77.03136952877327,17.158408302422192,0.7013820110605121,0.3812647928231695,0.9804174074243928,0.7191968975517435,0.7126880498393334,9.32875452041626,data/benchmarks/corrected_global_mlp_hfteacher_v2_seed231_all5/model_summary_with_fvd.csv
hfteacher_v2,Temporal bottleneck HF-teacher v2,250,77.2109567002052,17.32232666122378,0.7062443549715873,0.31504364900880544,0.8631477879062144,0.665953047632388,0.6608024164215589,9.073682069778442,data/benchmarks/corrected_global_mlp_hfteacher_v2_seed231_all5/model_summary_with_fvd.csv
hfteacher_v2,Temporal bottleneck HF-teacher v2,500,77.47574100595543,17.531450036144385,0.7116603198914994,0.2571808113215045,0.7564378572524462,0.603842112036306,0.5998727678341107,8.788205766677857,data/benchmarks/corrected_global_mlp_hfteacher_v2_seed231_all5/model_summary_with_fvd.csv
hfteacher_v2,Temporal bottleneck HF-teacher v2,1000,73.30688091399631,17.74879795273875,0.717600847796122,0.2113246188171583,0.667363418491118,0.5690641521147384,0.5649475510736078,8.620445489883423,data/benchmarks/corrected_global_mlp_hfteacher_v2_seed231_all5/model_summary_with_fvd.csv
hfteacher_v2,Temporal bottleneck HF-teacher v2,1500,78.66929482933259,17.876510109952186,0.7222449577786987,0.20195170372245763,0.6203100618688098,0.5622779370922906,0.5581113206228115,8.56421446800232,data/benchmarks/corrected_global_mlp_hfteacher_v2_seed231_all5/model_summary_with_fvd.csv
hfteacher_v2,Temporal bottleneck HF-teacher v2,2000,81.48290059578488,18.014874050690576,0.7271626100437624,0.19339439030478023,0.6099194453284136,0.5550839574872207,0.5508664512476918,8.49394850730896,data/benchmarks/corrected_global_mlp_hfteacher_v2_seed231_all5/model_summary_with_fvd.csv
hfteacher_v2,Temporal bottleneck HF-teacher v2,2500,82.86658482420543,18.148237054349543,0.7303468490214943,0.18637866176400691,0.5946448919644155,0.5535491127493288,0.5497043415680688,8.48609972000122,data/benchmarks/corrected_global_mlp_hfteacher_v2_seed231_all5/model_summary_with_fvd.csv
hfteacher_v2,Temporal bottleneck HF-teacher v2,3000,79.25634159259431,18.038755404999865,0.7277856424850896,0.198609197177116,0.6305215226908631,0.5756072570542713,0.5706631591330813,8.6032546043396,data/benchmarks/corrected_global_mlp_hfteacher_v2_seed231_all5/model_summary_with_fvd.csv
legacy_adaln,Legacy AdaLN action,100,73.87059943600616,17.67664125594815,0.7368254158872405,0.12798454388545755,nan,0.5576210461159448,nan,8.597198247909546,data/benchmarks/action_checkpoint_sweep_all_encoders_with_adaln_seed231_all5/action_checkpoint_sweep_summary_all_encoders_with_adaln_fvd.csv
legacy_adaln,Legacy AdaLN action,250,84.32745557596093,18.66464877948902,0.7584186680075344,0.13948160844167762,nan,0.4446863443297057,nan,8.08317584991455,data/benchmarks/action_checkpoint_sweep_all_encoders_with_adaln_seed231_all5/action_checkpoint_sweep_summary_all_encoders_with_adaln_fvd.csv
legacy_adaln,Legacy AdaLN action,500,91.89394112171436,18.087587571595815,0.7516544874194581,0.12630796389444443,nan,0.4620084698809304,nan,8.251474571228027,data/benchmarks/action_checkpoint_sweep_all_encoders_with_adaln_seed231_all5/action_checkpoint_sweep_summary_all_encoders_with_adaln_fvd.csv
legacy_adaln,Legacy AdaLN action,1000,79.23004111251305,18.003274843894417,0.7779814122308185,0.1258210626410477,nan,0.4671289199784908,nan,8.09353165626526,data/benchmarks/action_checkpoint_sweep_all_encoders_with_adaln_seed231_all5/action_checkpoint_sweep_summary_all_encoders_with_adaln_fvd.csv
legacy_adaln,Legacy AdaLN action,1500,96.03069172236545,18.557022732818126,0.7753799316699678,0.12263807389146548,nan,0.504761520505935,nan,8.423513555526734,data/benchmarks/action_checkpoint_sweep_all_encoders_with_adaln_seed231_all5/action_checkpoint_sweep_summary_all_encoders_with_adaln_fvd.csv
legacy_adaln,Legacy AdaLN action,2000,99.91306179242804,18.482460907044132,0.7612716059026916,0.1394428921449507,nan,0.5805644129664669,nan,9.183196926116944,data/benchmarks/action_checkpoint_sweep_all_encoders_with_adaln_seed231_all5/action_checkpoint_sweep_summary_all_encoders_with_adaln_fvd.csv
legacy_adaln,Legacy AdaLN action,2500,107.01740956761907,19.10526137137738,0.7881114688830096,0.10311662666835672,nan,0.45661089428704554,nan,8.355245637893677,data/benchmarks/action_checkpoint_sweep_all_encoders_with_adaln_seed231_all5/action_checkpoint_sweep_summary_all_encoders_with_adaln_fvd.csv
legacy_adaln,Legacy AdaLN action,3000,95.08534373170824,18.705761380686205,0.7525460351800263,0.12090445263333524,nan,0.5175995475279523,nan,8.776999759674073,data/benchmarks/action_checkpoint_sweep_all_encoders_with_adaln_seed231_all5/action_checkpoint_sweep_summary_all_encoders_with_adaln_fvd.csv
legacy_global_mlp,Legacy Global MLP tokens,100,75.82735287247911,16.383252008205552,0.6942185145425144,0.21882004472290104,nan,0.6081030667026727,nan,8.56836919784546,data/benchmarks/action_checkpoint_sweep_all_encoders_with_adaln_seed231_all5/action_checkpoint_sweep_summary_all_encoders_with_adaln_fvd.csv
legacy_global_mlp,Legacy Global MLP tokens,250,294.9225046716058,9.668440673120374,0.17893128291950516,0.9079190670353166,nan,0.764566785744408,nan,8.555356693267822,data/benchmarks/action_checkpoint_sweep_all_encoders_with_adaln_seed231_all5/action_checkpoint_sweep_summary_all_encoders_with_adaln_fvd.csv
legacy_global_mlp,Legacy Global MLP tokens,500,61.33496788190919,17.90371202894417,0.7570243183197162,0.21201101790133273,nan,0.65246468898086,nan,9.117657613754272,data/benchmarks/action_checkpoint_sweep_all_encoders_with_adaln_seed231_all5/action_checkpoint_sweep_summary_all_encoders_with_adaln_fvd.csv
legacy_global_mlp,Legacy Global MLP tokens,1000,68.39567658737721,18.154759924808555,0.7428765301623075,0.20045586097653642,nan,0.6998286612855626,nan,9.448360586166382,data/benchmarks/action_checkpoint_sweep_all_encoders_with_adaln_seed231_all5/action_checkpoint_sweep_summary_all_encoders_with_adaln_fvd.csv
legacy_global_mlp,Legacy Global MLP tokens,1500,69.87208953434205,18.100167835710714,0.7510632016670022,0.15667436094295376,nan,0.605426614692018,nan,8.95593991279602,data/benchmarks/action_checkpoint_sweep_all_encoders_with_adaln_seed231_all5/action_checkpoint_sweep_summary_all_encoders_with_adaln_fvd.csv
legacy_global_mlp,Legacy Global MLP tokens,2000,83.76729121630888,18.00210776834207,0.746193242959772,0.1631859624783155,nan,0.6260349306158627,nan,9.10546555519104,data/benchmarks/action_checkpoint_sweep_all_encoders_with_adaln_seed231_all5/action_checkpoint_sweep_summary_all_encoders_with_adaln_fvd.csv
legacy_global_mlp,Legacy Global MLP tokens,2500,72.02813594120607,18.415127019518657,0.7694137006705357,0.15767639629990554,nan,0.6157106653482954,nan,9.057828903198242,data/benchmarks/action_checkpoint_sweep_all_encoders_with_adaln_seed231_all5/action_checkpoint_sweep_summary_all_encoders_with_adaln_fvd.csv
legacy_global_mlp,Legacy Global MLP tokens,3000,79.5391701487321,17.720248567433373,0.7205237379083879,0.14467428224620546,nan,0.6492470207269327,nan,9.222904682159424,data/benchmarks/action_checkpoint_sweep_all_encoders_with_adaln_seed231_all5/action_checkpoint_sweep_summary_all_encoders_with_adaln_fvd.csv
legacy_temporal_per_point,Legacy temporal per-point tokens,100,68.52404534304449,16.713282993162505,0.7218859625060223,0.27935820288394353,nan,0.6776208519303181,nan,8.986789464950562,data/benchmarks/action_checkpoint_sweep_all_encoders_with_adaln_seed231_all5/action_checkpoint_sweep_summary_all_encoders_with_adaln_fvd.csv
legacy_temporal_per_point,Legacy temporal per-point tokens,250,69.82433785136823,18.00206346451443,0.7495943228850719,0.16932445299615503,nan,0.602440466039556,nan,8.836511945724487,data/benchmarks/action_checkpoint_sweep_all_encoders_with_adaln_seed231_all5/action_checkpoint_sweep_summary_all_encoders_with_adaln_fvd.csv
legacy_temporal_per_point,Legacy temporal per-point tokens,500,77.32721077295355,18.09846955824015,0.756492672935638,0.1257676534095918,nan,0.5215582753098439,nan,8.348962211608887,data/benchmarks/action_checkpoint_sweep_all_encoders_with_adaln_seed231_all5/action_checkpoint_sweep_summary_all_encoders_with_adaln_fvd.csv
legacy_temporal_per_point,Legacy temporal per-point tokens,1000,77.3025383749993,17.523910803290686,0.736319140707981,0.1260728360091253,nan,0.5980385475361512,nan,8.833976221084594,data/benchmarks/action_checkpoint_sweep_all_encoders_with_adaln_seed231_all5/action_checkpoint_sweep_summary_all_encoders_with_adaln_fvd.csv
legacy_temporal_per_point,Legacy temporal per-point tokens,1500,75.78345075066196,17.205785951698747,0.6744740349159095,0.13223059319717115,nan,0.5961090689050421,nan,8.703068494796753,data/benchmarks/action_checkpoint_sweep_all_encoders_with_adaln_seed231_all5/action_checkpoint_sweep_summary_all_encoders_with_adaln_fvd.csv
legacy_temporal_per_point,Legacy temporal per-point tokens,2000,70.88355421616114,17.537170076719555,0.7129069993899493,0.1608443031729949,nan,0.582416047398827,nan,8.707967853546142,data/benchmarks/action_checkpoint_sweep_all_encoders_with_adaln_seed231_all5/action_checkpoint_sweep_summary_all_encoders_with_adaln_fvd.csv
legacy_temporal_per_point,Legacy temporal per-point tokens,2500,72.2222354543679,17.84488597963732,0.7183487778510342,0.13527466701257856,nan,0.5010064787720889,nan,8.232168292999267,data/benchmarks/action_checkpoint_sweep_all_encoders_with_adaln_seed231_all5/action_checkpoint_sweep_summary_all_encoders_with_adaln_fvd.csv
legacy_temporal_per_point,Legacy temporal per-point tokens,3000,82.2751208538242,17.487032731692718,0.6800021271769934,0.11165954372693543,nan,0.478316321214831,nan,8.035062170028686,data/benchmarks/action_checkpoint_sweep_all_encoders_with_adaln_seed231_all5/action_checkpoint_sweep_summary_all_encoders_with_adaln_fvd.csv
legacy_transformer,Legacy transformer action tokens,100,64.81998189412724,17.80811825660887,0.7583926702824477,0.22280832527452527,nan,0.6954712252424203,nan,9.340952444076539,data/benchmarks/action_checkpoint_sweep_all_encoders_with_adaln_seed231_all5/action_checkpoint_sweep_summary_all_encoders_with_adaln_fvd.csv
legacy_transformer,Legacy transformer action tokens,250,73.26866602530262,17.56099390120981,0.7443136862372882,0.18594765829386806,nan,0.6673593151412865,nan,9.223876953125,data/benchmarks/action_checkpoint_sweep_all_encoders_with_adaln_seed231_all5/action_checkpoint_sweep_summary_all_encoders_with_adaln_fvd.csv
legacy_transformer,Legacy transformer action tokens,500,71.80861365935431,18.146707362197976,0.7623235816639496,0.1687331469561671,nan,0.6065437147167664,nan,8.881587362289428,data/benchmarks/action_checkpoint_sweep_all_encoders_with_adaln_seed231_all5/action_checkpoint_sweep_summary_all_encoders_with_adaln_fvd.csv
legacy_transformer,Legacy transformer action tokens,1000,75.75049478744128,18.078855646214624,0.75093662368709,0.12080044486563399,nan,0.4989013743083385,nan,8.129648447036743,data/benchmarks/action_checkpoint_sweep_all_encoders_with_adaln_seed231_all5/action_checkpoint_sweep_summary_all_encoders_with_adaln_fvd.csv
legacy_transformer,Legacy transformer action tokens,1500,71.44894215853904,18.07715365338789,0.7658458970531481,0.14521681926846047,nan,0.5987920621325803,nan,8.783594036102295,data/benchmarks/action_checkpoint_sweep_all_encoders_with_adaln_seed231_all5/action_checkpoint_sweep_summary_all_encoders_with_adaln_fvd.csv
legacy_transformer,Legacy transformer action tokens,2000,67.17911631087489,18.53550781044131,0.7776436345945218,0.17303385894662787,nan,0.6220246701481059,nan,9.07510027885437,data/benchmarks/action_checkpoint_sweep_all_encoders_with_adaln_seed231_all5/action_checkpoint_sweep_summary_all_encoders_with_adaln_fvd.csv
legacy_transformer,Legacy transformer action tokens,2500,77.97890078800316,18.603023912058898,0.7767025959219256,0.12499789528303837,nan,0.49739648376739254,nan,8.235736513137818,data/benchmarks/action_checkpoint_sweep_all_encoders_with_adaln_seed231_all5/action_checkpoint_sweep_summary_all_encoders_with_adaln_fvd.csv
legacy_transformer,Legacy transformer action tokens,3000,77.20670241496993,18.00910767345854,0.7510870722293095,0.14997179027775934,nan,0.6221348325260424,nan,8.921437215805053,data/benchmarks/action_checkpoint_sweep_all_encoders_with_adaln_seed231_all5/action_checkpoint_sweep_summary_all_encoders_with_adaln_fvd.csv
lowfreq_v3,"Low-frequency bottleneck V3, gate=1",100,nan,17.85901052049946,0.7626104398750725,0.2676612032329356,0.8243909740412141,0.7882659890543307,0.7830740864478629,9.94645938873291,data/benchmarks/frame_temporal_bottleneck_lowfreq_v3_gate_scale_sweep_seed231_all5/model_summary.csv
lowfreq_v3,"Low-frequency bottleneck V3, gate=1",250,nan,18.028940498386486,0.7675826516652278,0.2423426327827297,0.7693078642475148,0.7575782775283162,0.7528973867927908,9.73206639289856,data/benchmarks/frame_temporal_bottleneck_lowfreq_v3_gate_scale_sweep_seed231_all5/model_summary.csv
lowfreq_v3,"Low-frequency bottleneck V3, gate=1",500,nan,18.181627439525656,0.7642249973216975,0.21928261824119719,0.7178448743386463,0.7278828493073625,0.722149425919028,9.592765426635742,data/benchmarks/frame_temporal_bottleneck_lowfreq_v3_gate_scale_sweep_seed231_all5/model_summary.csv
lowfreq_v3,"Low-frequency bottleneck V3, gate=1",1000,nan,18.34241711185217,0.7670321849533485,0.20704994597421603,0.6785888387790125,0.7076027394234592,0.7027952531647988,9.482453060150146,data/benchmarks/frame_temporal_bottleneck_lowfreq_v3_gate_scale_sweep_seed231_all5/model_summary.csv
lowfreq_v3,"Low-frequency bottleneck V3, gate=1",2000,nan,18.45072772928247,0.768289248963598,0.190408485904977,0.6221840240160087,0.68030137544159,0.6742675193965508,9.313062524795532,data/benchmarks/frame_temporal_bottleneck_lowfreq_v3_gate_scale_sweep_seed231_all5/model_summary.csv
lowfreq_v3,"Low-frequency bottleneck V3, gate=1",3000,nan,18.428482054908763,0.7745435872657964,0.1879127200850345,0.6231881368881276,0.6765261040069767,0.6717852150919122,9.323247337341309,data/benchmarks/frame_temporal_bottleneck_lowfreq_v3_gate_scale_sweep_seed231_all5/model_summary.csv
midblock_xattn,Mid-block gated XAttn,0,67.16839297331899,17.862915633819917,0.762623602587513,0.2700595360783371,0.825599740058132,0.7920755353978027,0.7880837616990064,9.973157835006713,data/benchmarks/midblock_gated_xattn_checkpoint_sweep_seed231_all5/midblock_gated_xattn_summary_with_fvd.csv
midblock_xattn,Mid-block gated XAttn,100,71.00855005393927,18.822688376746733,0.7772136583609542,0.14745362201879686,0.5552697260614353,0.5318645525207716,0.5291929154781303,8.454171800613404,data/benchmarks/midblock_gated_xattn_checkpoint_sweep_seed231_all5/midblock_gated_xattn_summary_with_fvd.csv
midblock_xattn,Mid-block gated XAttn,250,75.94896033014192,18.530005687832663,0.7633456852866451,0.14931752724082442,0.5600079722253289,0.5163876931220164,0.5126832622941759,8.36276125907898,data/benchmarks/midblock_gated_xattn_checkpoint_sweep_seed231_all5/midblock_gated_xattn_summary_with_fvd.csv
midblock_xattn,Mid-block gated XAttn,500,69.33119248259484,18.502334122979722,0.7590588641947085,0.14413374102718607,0.5463462211117769,0.5193448361042398,0.5153972755553851,8.353431224822998,data/benchmarks/midblock_gated_xattn_checkpoint_sweep_seed231_all5/midblock_gated_xattn_summary_with_fvd.csv
midblock_xattn,Mid-block gated XAttn,1000,78.00467027133612,18.49517635093732,0.7543837010453234,0.11810533828818062,0.4660273106128175,0.4697797918286849,0.46602501510825445,8.080821418762207,data/benchmarks/midblock_gated_xattn_checkpoint_sweep_seed231_all5/midblock_gated_xattn_summary_with_fvd.csv
midblock_xattn,Mid-block gated XAttn,1500,85.37885226974362,18.133119934291994,0.7376408620331036,0.11420500473565283,0.4313998677718939,0.4955761464639612,0.4924242494290839,8.177515125274658,data/benchmarks/midblock_gated_xattn_checkpoint_sweep_seed231_all5/midblock_gated_xattn_summary_with_fvd.csv
midblock_xattn,Mid-block gated XAttn,2000,83.3197401860674,18.331198885006465,0.7434906157584898,0.10762791636530389,0.3849673727561002,0.4374342057358712,0.43419571086335723,7.865162420272827,data/benchmarks/midblock_gated_xattn_checkpoint_sweep_seed231_all5/midblock_gated_xattn_summary_with_fvd.csv
midblock_xattn,Mid-block gated XAttn,2500,84.89520012596941,18.518960309493494,0.7506091839057353,0.10771620235284247,0.4139311815819016,0.4611335695775449,0.45791356176817144,7.977481508255005,data/benchmarks/midblock_gated_xattn_checkpoint_sweep_seed231_all5/midblock_gated_xattn_summary_with_fvd.csv
midblock_xattn,Mid-block gated XAttn,3000,77.08298212055246,18.277489545814735,0.7411585669561574,0.11338001925679371,0.4376929335973919,0.4587828852649226,0.4558023913482506,8.011019945144653,data/benchmarks/midblock_gated_xattn_checkpoint_sweep_seed231_all5/midblock_gated_xattn_summary_with_fvd.csv
noaction_shifted,No-action shifted LoRA,0,72.35742163548827,17.5267259016555,0.747741407082706,0.3555071672043221,nan,0.8858062070364184,nan,10.456490755081177,data/benchmarks/noaction_shifted_timestep_longer_seed231_all5/noaction_shifted_timestep_longer_summary_with_fvd.csv
noaction_shifted,No-action shifted LoRA,100,70.9548565458984,17.517121369121323,0.7484494681659222,0.3553314841155009,nan,0.8808011766509667,nan,10.411869859695434,data/benchmarks/noaction_shifted_timestep_longer_seed231_all5/noaction_shifted_timestep_longer_summary_with_fvd.csv
noaction_shifted,No-action shifted LoRA,250,74.71549256980751,17.631792740315632,0.7518048158726313,0.33298465923875015,nan,0.8607801883365772,nan,10.330570507049561,data/benchmarks/noaction_shifted_timestep_longer_seed231_all5/noaction_shifted_timestep_longer_summary_with_fvd.csv
noaction_shifted,No-action shifted LoRA,500,71.86130595377332,17.7095584194767,0.7555462731567898,0.3021232661528184,nan,0.8250633798557576,nan,10.129193544387817,data/benchmarks/noaction_shifted_timestep_longer_seed231_all5/noaction_shifted_timestep_longer_summary_with_fvd.csv
noaction_shifted,No-action shifted LoRA,1000,69.62457775576746,17.843610949943905,0.7606257326440036,0.28155908275244645,nan,0.7971515923155255,nan,9.959428358078004,data/benchmarks/noaction_shifted_timestep_longer_seed231_all5/noaction_shifted_timestep_longer_summary_with_fvd.csv
noaction_shifted,No-action shifted LoRA,1500,69.51089495249897,17.84299559583053,0.7612443892217889,0.2771500291169093,nan,0.7936261119959005,nan,9.94896035194397,data/benchmarks/noaction_shifted_timestep_longer_seed231_all5/noaction_shifted_timestep_longer_summary_with_fvd.csv
noaction_shifted,No-action shifted LoRA,2000,70.32213453352313,17.876894874832704,0.7618035461267186,0.2739395420837919,nan,0.7913148822987294,nan,9.92721118927002,data/benchmarks/noaction_shifted_timestep_longer_seed231_all5/noaction_shifted_timestep_longer_summary_with_fvd.csv
noaction_shifted,No-action shifted LoRA,2500,68.69194682660492,17.86402820114235,0.761557237777752,0.2713566350392,nan,0.789088459592711,nan,9.900842523574829,data/benchmarks/noaction_shifted_timestep_longer_seed231_all5/noaction_shifted_timestep_longer_summary_with_fvd.csv
noaction_shifted,No-action shifted LoRA,3000,71.42353875364333,17.892187968473095,0.7631228791996334,0.2713084210716135,nan,0.79006125395229,nan,9.91586217880249,data/benchmarks/noaction_shifted_timestep_longer_seed231_all5/noaction_shifted_timestep_longer_summary_with_fvd.csv
noaction_shifted,No-action shifted LoRA,4000,70.00379987901184,17.856232828439897,0.7617958204418456,0.27026839635004146,nan,0.7896662719613877,nan,9.907807922363281,data/benchmarks/noaction_shifted_timestep_longer_seed231_all5/noaction_shifted_timestep_longer_summary_with_fvd.csv
noaction_shifted,No-action shifted LoRA,5000,68.5529954294052,17.86688449573653,0.7623732294438124,0.26726559544858014,nan,0.7885485238891043,nan,9.913310432434082,data/benchmarks/noaction_shifted_timestep_longer_seed231_all5/noaction_shifted_timestep_longer_summary_with_fvd.csv
noaction_shifted,No-action shifted LoRA,6000,70.60224827135028,17.882229373962094,0.762363561525617,0.267224900753683,nan,0.7878788442694697,nan,9.902591323852539,data/benchmarks/noaction_shifted_timestep_longer_seed231_all5/noaction_shifted_timestep_longer_summary_with_fvd.csv
v4_actionstrong_text,V4 action-strong + text,0,75.58449437551303,17.150619840918097,0.7010005761795154,0.3876381837887375,0.9879431345291201,0.7224303205935361,0.7168768053408876,9.350742101669312,data/benchmarks/final_h100_v4_campaign_seed231_all5/model_summary_with_fvd.csv
v4_actionstrong_text,V4 action-strong + text,100,76.3217356941766,17.139357873277447,0.7004987848978625,0.39068055267197954,0.9871907740662349,0.72470289927223,0.7186974621441138,9.360257768630982,data/benchmarks/final_h100_v4_campaign_seed231_all5/model_summary_with_fvd.csv
v4_actionstrong_text,V4 action-strong + text,250,77.58145258157231,17.1655777276046,0.7014872715177479,0.3822309023606974,0.9771910259502571,0.7197149730654949,0.7144280965188855,9.329607915878295,data/benchmarks/final_h100_v4_campaign_seed231_all5/model_summary_with_fvd.csv
v4_actionstrong_text,V4 action-strong + text,500,76.28461905339148,17.240862205735276,0.7043305889226612,0.3480177914103917,0.9239262431865253,0.6960048970085545,0.6898900729341305,9.204353189468383,data/benchmarks/final_h100_v4_campaign_seed231_all5/model_summary_with_fvd.csv
v4_actionstrong_text,V4 action-strong + text,750,76.79313638139345,17.3358221420345,0.7069550986193642,0.3265915030301746,0.8843599320921142,0.6780601726450616,0.6723332418307886,9.126447200775146,data/benchmarks/final_h100_v4_campaign_seed231_all5/model_summary_with_fvd.csv
v4_actionstrong_text,V4 action-strong + text,1000,73.92529136115704,17.39771123642114,0.7088294951394041,0.3020494099452038,0.8386880406665818,0.6561429009482724,0.6504923668881565,9.017920064926148,data/benchmarks/final_h100_v4_campaign_seed231_all5/model_summary_with_fvd.csv
v4_actionstrong_text,V4 action-strong + text,1500,77.61345676102161,17.522781405330402,0.7119464032278509,0.2834162899406433,0.8027549072529124,0.6424411010797799,0.6370072856953752,8.957597589492797,data/benchmarks/final_h100_v4_campaign_seed231_all5/model_summary_with_fvd.csv
v4_actionstrong_text,V4 action-strong + text,2000,76.05808226541515,17.600770419087738,0.7140932612773557,0.2728597061477548,0.7904119279544912,0.6410349388573606,0.6357426795333855,8.920893001556397,data/benchmarks/final_h100_v4_campaign_seed231_all5/model_summary_with_fvd.csv
v4_actionstrong_text,V4 action-strong + text,2500,74.95073490233008,17.724136158359933,0.7177122156571737,0.2624358966975999,0.7618209688207803,0.6226102819684177,0.6178594290810172,8.854318571090698,data/benchmarks/final_h100_v4_campaign_seed231_all5/model_summary_with_fvd.csv
v4_actionstrong_text,V4 action-strong + text,3000,77.58154438276682,17.727885446677355,0.7182295198067477,0.2655447920336757,0.7667166990588454,0.6318266930438432,0.6270889043529129,8.894806432724,data/benchmarks/final_h100_v4_campaign_seed231_all5/model_summary_with_fvd.csv
v4_actionstrong_text,V4 action-strong + text,4000,78.4371670788644,17.826100508265462,0.7209502322995033,0.25002802364749305,0.7406914564686274,0.6169681987518731,0.6123255059263348,8.809299898147582,data/benchmarks/final_h100_v4_campaign_seed231_all5/model_summary_with_fvd.csv
v4_actionstrong_text,V4 action-strong + text,5000,76.14953815399949,17.734452786057954,0.718729812885553,0.2527459544628287,0.7659861324284369,0.6320156679911191,0.6269621803083971,8.894094753265382,data/benchmarks/final_h100_v4_campaign_seed231_all5/model_summary_with_fvd.csv
v4_actionstrong_text,V4 action-strong + text,6000,76.78703759766657,17.77951705380385,0.7194754434250779,0.2478323609678132,0.7539561558429677,0.6248077124130116,0.6204985937459858,8.873617887496948,data/benchmarks/final_h100_v4_campaign_seed231_all5/model_summary_with_fvd.csv
v4_actionstrong_text,V4 action-strong + text,7000,78.23484021663495,17.828450462563495,0.7208459113821991,0.23810567135022764,0.7313748950893194,0.6236047690378985,0.6186582052332663,8.858524990081786,data/benchmarks/final_h100_v4_campaign_seed231_all5/model_summary_with_fvd.csv
v4_actionstrong_text,V4 action-strong + text,7992,77.61281262484673,17.857128473335898,0.721733403627045,0.23546918341351666,0.7303195597984,0.6212469976448114,0.6172085751923496,8.851558828353882,data/benchmarks/final_h100_v4_campaign_seed231_all5/model_summary_with_fvd.csv
v4_conservative_notext,"V4 conservative, no text",0,88.53478401981323,16.810930679667667,0.6319864888181467,0.30992147510890217,0.8912099719321528,0.738037949251012,0.7323990047188482,9.789863395690919,data/benchmarks/final_h100_v4_campaign_seed231_all5/model_summary_with_fvd.csv
v4_conservative_notext,"V4 conservative, no text",100,87.014989687748,16.818255619209364,0.6322652532043629,0.31058194744378526,0.8944631043580831,0.7404417390954328,0.734145918681711,9.798389339447022,data/benchmarks/final_h100_v4_campaign_seed231_all5/model_summary_with_fvd.csv
v4_conservative_notext,"V4 conservative, no text",250,85.64580323605108,16.809891883032844,0.6310750705984784,0.30515759469395326,0.8826668990583052,0.733744689152863,0.7279712804635875,9.752061986923218,data/benchmarks/final_h100_v4_campaign_seed231_all5/model_summary_with_fvd.csv
v4_conservative_notext,"V4 conservative, no text",500,89.6328100977176,16.887411230411097,0.6363753147987987,0.28010279424983076,0.8423744361706911,0.701837220993715,0.6970363231291354,9.483229064941407,data/benchmarks/final_h100_v4_campaign_seed231_all5/model_summary_with_fvd.csv
v4_conservative_notext,"V4 conservative, no text",750,92.83542859141372,16.97639522341622,0.6404104672052503,0.26677160409332046,0.8175460869434247,0.682478852002387,0.6777630462728157,9.320701313018798,data/benchmarks/final_h100_v4_campaign_seed231_all5/model_summary_with_fvd.csv
v4_conservative_notext,"V4 conservative, no text",1000,87.13624273379273,17.04404108719782,0.6433767375017465,0.24881774362321152,0.7833829499057694,0.6676403552023665,0.6615691394999407,9.219782829284668,data/benchmarks/final_h100_v4_campaign_seed231_all5/model_summary_with_fvd.csv
v4_conservative_notext,"V4 conservative, no text",1500,82.92025462766819,17.101808765347037,0.6455919360604552,0.23106275102954904,0.7368030416896729,0.6416813870480919,0.6362261606711828,9.102086448669434,data/benchmarks/final_h100_v4_campaign_seed231_all5/model_summary_with_fvd.csv
v4_conservative_notext,"V4 conservative, no text",2000,81.87794765530339,17.233612782635937,0.6499380385111811,0.21274721601718133,0.7026179629099879,0.6300933298291143,0.6248972374563267,8.983851957321168,data/benchmarks/final_h100_v4_campaign_seed231_all5/model_summary_with_fvd.csv
v4_conservative_notext,"V4 conservative, no text",2500,87.17607829859801,17.354484362488602,0.6543135596198227,0.2021834744285564,0.6653315538325424,0.6105921122223246,0.6052390237394023,8.869742107391357,data/benchmarks/final_h100_v4_campaign_seed231_all5/model_summary_with_fvd.csv
v4_conservative_notext,"V4 conservative, no text",3000,88.25353430994923,17.337954804949234,0.6560020770969122,0.20555077000248198,0.6755080678265492,0.6134638480748873,0.6092271610668953,8.880250358581543,data/benchmarks/final_h100_v4_campaign_seed231_all5/model_summary_with_fvd.csv
v4_conservative_notext,"V4 conservative, no text",4000,88.42576281214636,17.490493128928478,0.6626828508524112,0.21013281710909465,0.6771222367580778,0.6115782362388079,0.6067071495259551,8.851424980163575,data/benchmarks/final_h100_v4_campaign_seed231_all5/model_summary_with_fvd.csv
v4_conservative_notext,"V4 conservative, no text",5000,87.00408794219234,17.43205860721286,0.6613507724307992,0.2003940184228683,0.6792866491569276,0.6123276866844785,0.6073713419329734,8.849946546554566,data/benchmarks/final_h100_v4_campaign_seed231_all5/model_summary_with_fvd.csv
v4_conservative_notext,"V4 conservative, no text",6000,86.88443112011495,17.482688107884293,0.6637950006262192,0.19774039201916435,0.6686870644025044,0.6086372628840577,0.6032140862943466,8.828992891311646,data/benchmarks/final_h100_v4_campaign_seed231_all5/model_summary_with_fvd.csv
v4_conservative_notext,"V4 conservative, no text",7000,91.31295911203057,17.500849819084998,0.664380953681158,0.18439372608276977,0.6490223645843824,0.5922554046460244,0.5866788053816423,8.763552522659301,data/benchmarks/final_h100_v4_campaign_seed231_all5/model_summary_with_fvd.csv
v4_conservative_notext,"V4 conservative, no text",7992,87.92696372377381,17.486129183533688,0.6639972181157578,0.18896589451265017,0.6536034973370646,0.5897552576763767,0.584556031236948,8.773007202148438,data/benchmarks/final_h100_v4_campaign_seed231_all5/model_summary_with_fvd.csv
v4_conservative_text,V4 conservative + text,0,76.52808287583466,17.143855336847103,0.700643828217596,0.3884861373031295,0.9864010475143751,0.7235549204222924,0.7182214943414584,9.35657877922058,data/benchmarks/final_h100_v4_campaign_seed231_all5/model_summary_with_fvd.csv
v4_conservative_text,V4 conservative + text,100,75.82428901571302,17.15001910272797,0.7005057357658248,0.39028182042000675,0.985591896215734,0.7228105015297162,0.7168298925700505,9.351874017715454,data/benchmarks/final_h100_v4_campaign_seed231_all5/model_summary_with_fvd.csv
v4_conservative_text,V4 conservative + text,250,74.89768107655286,17.150379369421426,0.7007463108737525,0.38891965662281425,0.9888052280832813,0.7222769285644809,0.7169779062980334,9.356752252578735,data/benchmarks/final_h100_v4_campaign_seed231_all5/model_summary_with_fvd.csv
v4_conservative_text,V4 conservative + text,500,78.67783590648051,17.1374726403077,0.7004895971792622,0.38927335728852636,0.988812945948969,0.7263909170181303,0.7206963626541594,9.369469499588012,data/benchmarks/final_h100_v4_campaign_seed231_all5/model_summary_with_fvd.csv
v4_conservative_text,V4 conservative + text,750,76.14369276299354,17.144291634025038,0.7006395766183786,0.38967161348786516,0.98489715860064,0.7237845861889084,0.7177773223849382,9.356906127929687,data/benchmarks/final_h100_v4_campaign_seed231_all5/model_summary_with_fvd.csv
v4_conservative_text,V4 conservative + text,1000,77.2542503783157,17.140578604192676,0.7003574257450726,0.38908274529317305,0.9885133446910398,0.7232522492652661,0.7165129329562501,9.353289985656739,data/benchmarks/final_h100_v4_campaign_seed231_all5/model_summary_with_fvd.csv
v4_conservative_text,V4 conservative + text,1500,74.60080276592078,17.140140520939692,0.7001804953719304,0.3892831206715754,0.9906673497058346,0.7230491506196078,0.7170973357200484,9.355569458007812,data/benchmarks/final_h100_v4_campaign_seed231_all5/model_summary_with_fvd.csv
v4_conservative_text,V4 conservative + text,2000,77.0730244519122,17.14469459612669,0.700636840861469,0.38742002527066427,0.9894101551368131,0.7240754245165982,0.7184578401775505,9.35951247215271,data/benchmarks/final_h100_v4_campaign_seed231_all5/model_summary_with_fvd.csv
v4_conservative_text,V4 conservative + text,2500,76.62848444886706,17.155813678943577,0.7009075890379277,0.38924164858803006,0.9844862746861821,0.723176905322774,0.7176880594666872,9.35280122756958,data/benchmarks/final_h100_v4_campaign_seed231_all5/model_summary_with_fvd.csv
v4_conservative_text,V4 conservative + text,3000,76.52865410530566,17.148024692401485,0.7013349397001846,0.3887465948825703,0.9881265001553234,0.7223789855025347,0.7166375384835979,9.34547233581543,data/benchmarks/final_h100_v4_campaign_seed231_all5/model_summary_with_fvd.csv
v4_conservative_text,V4 conservative + text,4000,75.44078033479823,17.15783879086275,0.7011280064282887,0.387292807039929,0.985379450191721,0.7221388083156048,0.7160905851289721,9.34556303024292,data/benchmarks/final_h100_v4_campaign_seed231_all5/model_summary_with_fvd.csv
v4_conservative_text,V4 conservative + text,5000,76.03864692920348,17.14307056692161,0.7006129388598505,0.3897550215402095,0.9894201204664819,0.7221207158905611,0.716656744883665,9.352279567718506,data/benchmarks/final_h100_v4_campaign_seed231_all5/model_summary_with_fvd.csv
v4_conservative_text,V4 conservative + text,6000,75.56625273668504,17.146173141007516,0.7007808615563571,0.39105917472201235,0.9875434686764702,0.7224305474386934,0.7160931029424619,9.356484317779541,data/benchmarks/final_h100_v4_campaign_seed231_all5/model_summary_with_fvd.csv
v4_conservative_text,V4 conservative + text,7000,74.9758214484525,17.1563908064576,0.7014509879169564,0.3900280005640023,0.9872429555615486,0.7232017498216096,0.7171587405649846,9.352484035491944,data/benchmarks/final_h100_v4_campaign_seed231_all5/model_summary_with_fvd.csv
v4_conservative_text,V4 conservative + text,7992,76.5875454566137,17.148862515851448,0.7005923098911175,0.39080672543331874,0.9848201595471837,0.7228631929443254,0.7171178979525943,9.356604766845702,data/benchmarks/final_h100_v4_campaign_seed231_all5/model_summary_with_fvd.csv
v4_conservative_text,V4 conservative + text,10000,76.92752061699147,17.151398819570158,0.7010887454709362,0.3870751741488799,0.9856185510163524,0.7224361876360044,0.7163790553410824,9.349015998840333,data/benchmarks/final_h100_v4_campaign_seed231_all5/second_epoch/model_summary_with_fvd.csv
v4_conservative_text,V4 conservative + text,12000,77.24430146689912,17.1489273870879,0.7009421746864035,0.3910028028346764,0.9890207990080532,0.7244110765861841,0.7186879329357593,9.361967658996582,data/benchmarks/final_h100_v4_campaign_seed231_all5/second_epoch/model_summary_with_fvd.csv
v4_conservative_text,V4 conservative + text,14000,77.21373565222214,17.13516967569482,0.700448804977041,0.38770331674005787,0.9886667003682741,0.7234868087749607,0.7173121428014235,9.35669903755188,data/benchmarks/final_h100_v4_campaign_seed231_all5/second_epoch/model_summary_with_fvd.csv
v4_conservative_text,V4 conservative + text,15984,76.2393756981401,17.141142343429653,0.7007619463298627,0.3896255986921723,0.9868407051856629,0.7236927030747357,0.717367643607842,9.351823663711547,data/benchmarks/final_h100_v4_campaign_seed231_all5/second_epoch/model_summary_with_fvd.csv
v4_main_notext,"V4 main, no text",0,87.95681172708203,16.80687006306932,0.6314621868584479,0.30930262570793204,0.886443093619412,0.7372155932679183,0.7321333639301175,9.784695482254028,data/benchmarks/final_h100_v4_campaign_seed231_all5/model_summary_with_fvd.csv
v4_main_notext,"V4 main, no text",100,85.81324759013614,16.811381547596845,0.6323374550788747,0.31067517654934235,0.8913141397788504,0.7435832307093813,0.7378314621998963,9.821189785003662,data/benchmarks/final_h100_v4_campaign_seed231_all5/model_summary_with_fvd.csv
v4_main_notext,"V4 main, no text",250,85.0016793007035,16.82763224133955,0.6324916368664001,0.310064536908754,0.8856907160249706,0.7353403440696278,0.7309549884498497,9.760703086853027,data/benchmarks/final_h100_v4_campaign_seed231_all5/model_summary_with_fvd.csv
v4_main_notext,"V4 main, no text",500,86.5048897269493,16.862983822329646,0.635938707360584,0.3011076051168762,0.8769069814985742,0.7151516910893888,0.7099201836928312,9.540725708007812,data/benchmarks/final_h100_v4_campaign_seed231_all5/model_summary_with_fvd.csv
v4_main_notext,"V4 main, no text",750,92.25150298837201,16.92586993105396,0.6389363277595279,0.28808408999260804,0.8528853393040929,0.7032492196472439,0.6979328073175382,9.446961164474487,data/benchmarks/final_h100_v4_campaign_seed231_all5/model_summary_with_fvd.csv
v4_main_notext,"V4 main, no text",1000,90.50202361250771,16.978301985546032,0.6422054827651935,0.2732459345699215,0.8355366087413788,0.6915724258645455,0.6857928731780097,9.351348543167115,data/benchmarks/final_h100_v4_campaign_seed231_all5/model_summary_with_fvd.csv
v4_main_notext,"V4 main, no text",1500,90.30629573531161,17.014067796567048,0.6426751738489211,0.2632820528756065,0.8078965108633133,0.6812586170083347,0.6763641484605011,9.306217241287232,data/benchmarks/final_h100_v4_campaign_seed231_all5/model_summary_with_fvd.csv
v4_main_notext,"V4 main, no text",2000,89.27866937014119,17.11370966057787,0.6477048399351697,0.2590812871902949,0.7953559986458358,0.6765039943509039,0.6712514527272434,9.267697048187255,data/benchmarks/final_h100_v4_campaign_seed231_all5/model_summary_with_fvd.csv
v4_main_notext,"V4 main, no text",2500,89.60645191630576,17.153707265473315,0.6477132547472625,0.24962121152997524,0.7699565621412667,0.6593459819543348,0.6534728843682525,9.18123288154602,data/benchmarks/final_h100_v4_campaign_seed231_all5/model_summary_with_fvd.csv
v4_main_notext,"V4 main, no text",3000,89.97001534220516,17.149536199038927,0.6479386978077901,0.2500245888546235,0.7649980475213356,0.6633140991025093,0.6581543663425642,9.200106048583985,data/benchmarks/final_h100_v4_campaign_seed231_all5/model_summary_with_fvd.csv
v4_main_notext,"V4 main, no text",4000,92.56320509917677,17.229618562554275,0.6498956784012827,0.24351238459352667,0.7456153556699253,0.6547617476248051,0.6492420075992259,9.151713466644287,data/benchmarks/final_h100_v4_campaign_seed231_all5/model_summary_with_fvd.csv
v4_main_notext,"V4 main, no text",5000,91.64475280373614,17.237836508408947,0.6524956931327784,0.23910288361714005,0.7519623910094883,0.657359725186221,0.6515841154634998,9.146581602096557,data/benchmarks/final_h100_v4_campaign_seed231_all5/model_summary_with_fvd.csv
v4_main_notext,"V4 main, no text",6000,91.40009565300457,17.27971900872064,0.6542767949759152,0.2333950699617655,0.7371263144662469,0.6515834187272923,0.6471906049106166,9.12364649772644,data/benchmarks/final_h100_v4_campaign_seed231_all5/model_summary_with_fvd.csv
v4_main_notext,"V4 main, no text",7000,86.37840260538752,17.214797410371396,0.6508401874429219,0.23158291255605318,0.7380888381651536,0.6450130714403992,0.6403290465476398,9.07686381340027,data/benchmarks/final_h100_v4_campaign_seed231_all5/model_summary_with_fvd.csv
v4_main_notext,"V4 main, no text",7992,84.26703721079667,17.220324460902344,0.6512424393440132,0.2327276842900928,0.741310651809105,0.6461026439009976,0.6412987708765298,9.086862182617187,data/benchmarks/final_h100_v4_campaign_seed231_all5/model_summary_with_fvd.csv
v4_main_text,V4 main + text,0,74.27028462520934,17.14545355558652,0.7004538011966432,0.39042122873721935,0.987178699429984,0.7238372385345657,0.7172423316209671,9.358880519866943,data/benchmarks/final_h100_v4_campaign_seed231_all5/model_summary_with_fvd.csv
v4_main_text,V4 main + text,100,77.47976629869726,17.151112783860647,0.7008716734415875,0.3894566677359024,0.9860361784923841,0.722920113653676,0.7169954227990429,9.360651063919068,data/benchmarks/final_h100_v4_campaign_seed231_all5/model_summary_with_fvd.csv
v4_main_text,V4 main + text,250,74.8669602988393,17.141100413883052,0.7003580042665222,0.3884684424870589,0.9860332869840824,0.7229234808358844,0.7166231550862805,9.350270462036132,data/benchmarks/final_h100_v4_campaign_seed231_all5/model_summary_with_fvd.csv
v4_main_text,V4 main + text,500,77.0030716391177,17.149615563191794,0.7004701871068453,0.3889513592174257,0.9875936055815199,0.7227635260264582,0.7162823465635852,9.351630783081054,data/benchmarks/final_h100_v4_campaign_seed231_all5/model_summary_with_fvd.csv
v4_main_text,V4 main + text,750,76.4291687600506,17.150214295523774,0.7009171857004607,0.38965211924426796,0.9873823148716232,0.7228032435115265,0.7169726880010222,9.357574605941773,data/benchmarks/final_h100_v4_campaign_seed231_all5/model_summary_with_fvd.csv
v4_main_text,V4 main + text,1000,76.3102538180153,17.142566333913344,0.7007617921081588,0.38932959427975844,0.989240329393424,0.7232689860196773,0.717312302885315,9.353429460525513,data/benchmarks/final_h100_v4_campaign_seed231_all5/model_summary_with_fvd.csv
v4_main_text,V4 main + text,1500,76.0703569485323,17.146011442625316,0.7007864149736276,0.389919679275355,0.9893317988147068,0.7240787222060844,0.7184023468343637,9.358199453353881,data/benchmarks/final_h100_v4_campaign_seed231_all5/model_summary_with_fvd.csv
v4_main_text,V4 main + text,2000,76.33348181582744,17.14861658287392,0.7009355850660398,0.3914092894809607,0.9901996396684749,0.7224455804416376,0.7162504841545846,9.35286512374878,data/benchmarks/final_h100_v4_campaign_seed231_all5/model_summary_with_fvd.csv
v4_main_text,V4 main + text,2500,76.9839856091105,17.146518266814457,0.7008006512383023,0.3896583467941184,0.9887614357121887,0.7233420938698549,0.717431838079269,9.35385513305664,data/benchmarks/final_h100_v4_campaign_seed231_all5/model_summary_with_fvd.csv
v4_main_text,V4 main + text,3000,76.74900642079871,17.142106456527138,0.7005997102981155,0.38777480942901155,0.989379228596938,0.7236360237044821,0.7175787809097602,9.35997633934021,data/benchmarks/final_h100_v4_campaign_seed231_all5/model_summary_with_fvd.csv
v4_main_text,V4 main + text,4000,75.44864328625445,17.152020501273185,0.7011259454451865,0.3908347374358467,0.9858063913885925,0.7241647934585662,0.7185804509843005,9.353877925872803,data/benchmarks/final_h100_v4_campaign_seed231_all5/model_summary_with_fvd.csv
v4_main_text,V4 main + text,5000,76.81590469111862,17.146812536542583,0.7006108429482347,0.3906724002326472,0.9899151341169281,0.7228176641717702,0.7170490895276792,9.354775428771973,data/benchmarks/final_h100_v4_campaign_seed231_all5/model_summary_with_fvd.csv
v4_main_text,V4 main + text,6000,76.62216223800826,17.139889470883553,0.7001641297755363,0.3907476754429019,0.9880681522130381,0.7236793851503223,0.7178187634796125,9.362742471694947,data/benchmarks/final_h100_v4_campaign_seed231_all5/model_summary_with_fvd.csv
v4_main_text,V4 main + text,7000,76.41333128718966,17.1510239152238,0.7010205139586103,0.3913029124047508,0.9920272195138331,0.7230816862338576,0.7170660470321558,9.356374979019165,data/benchmarks/final_h100_v4_campaign_seed231_all5/model_summary_with_fvd.csv
v4_main_text,V4 main + text,7992,75.51752810351857,17.153804289236717,0.7009236616838065,0.3875937997434534,0.9842902786100203,0.7245667855950777,0.7184965896782801,9.359355449676514,data/benchmarks/final_h100_v4_campaign_seed231_all5/model_summary_with_fvd.csv
v4_main_text,V4 main + text,10000,75.10899770194419,17.146748460386934,0.7003085687133448,0.3879335914470048,0.9860590512535768,0.722615059008947,0.7167478611951364,9.349530744552613,data/benchmarks/final_h100_v4_campaign_seed231_all5/second_epoch/model_summary_with_fvd.csv
v4_main_text,V4 main + text,12000,75.04050911159354,17.157740702122105,0.7005537708522398,0.38811244164456465,0.9865222175827728,0.722513148958392,0.7161275661635864,9.345382785797119,data/benchmarks/final_h100_v4_campaign_seed231_all5/second_epoch/model_summary_with_fvd.csv
v4_main_text,V4 main + text,14000,74.93733673352571,17.150174921861016,0.7009433178678584,0.38770353232446314,0.9874320279798224,0.7224948875738637,0.7162680041220433,9.350046062469483,data/benchmarks/final_h100_v4_campaign_seed231_all5/second_epoch/model_summary_with_fvd.csv
v4_main_text,V4 main + text,15984,76.14391483648211,17.143561331837407,0.7007221688822574,0.38802346233777174,0.9851359602728632,0.7237399150610723,0.7179022630608997,9.357218647003174,data/benchmarks/final_h100_v4_campaign_seed231_all5/second_epoch/model_summary_with_fvd.csv
v4_qualitystrict_text,V4 quality-strict + text,0,78.10331794584638,17.145682187223876,0.7014321437617845,0.3893451826716835,0.9901929360775321,0.7242891383143902,0.7182791553615061,9.357266187667847,data/benchmarks/final_h100_v4_campaign_seed231_all5/model_summary_with_fvd.csv
v4_qualitystrict_text,V4 quality-strict + text,100,77.53758332369753,17.152008947333304,0.7005428909521015,0.38947407578852156,0.9898808495308028,0.7236582387007915,0.7180138609565061,9.359530878067016,data/benchmarks/final_h100_v4_campaign_seed231_all5/model_summary_with_fvd.csv
v4_qualitystrict_text,V4 quality-strict + text,250,75.07015958551753,17.14028988521068,0.700579137800953,0.39042269098270843,0.9873485755772193,0.7234573397600277,0.7176456294800662,9.353397703170776,data/benchmarks/final_h100_v4_campaign_seed231_all5/model_summary_with_fvd.csv
v4_qualitystrict_text,V4 quality-strict + text,500,75.72585745291943,17.140293994556863,0.7004491529453055,0.38929996429137054,0.989198907536391,0.7227474887545232,0.7168265672656254,9.349559545516968,data/benchmarks/final_h100_v4_campaign_seed231_all5/model_summary_with_fvd.csv
v4_qualitystrict_text,V4 quality-strict + text,750,75.1325899430988,17.14150116332747,0.7005739185525448,0.3897883592925392,0.9892241893441094,0.7228408720944743,0.7167931857910086,9.352449035644531,data/benchmarks/final_h100_v4_campaign_seed231_all5/model_summary_with_fvd.csv
v4_qualitystrict_text,V4 quality-strict + text,1000,75.44871384439904,17.151398195344623,0.7010337133739422,0.38904450158408227,0.9901370751433725,0.7229965547869147,0.7163995936687294,9.354961347579955,data/benchmarks/final_h100_v4_campaign_seed231_all5/model_summary_with_fvd.csv
v4_qualitystrict_text,V4 quality-strict + text,1500,76.7127609421378,17.142907737838506,0.7003526187634904,0.3899525773893362,0.9871078400613629,0.7219478761730167,0.7160951781690689,9.345564842224121,data/benchmarks/final_h100_v4_campaign_seed231_all5/model_summary_with_fvd.csv
v4_qualitystrict_text,V4 quality-strict + text,2000,76.09444226350061,17.145653034482887,0.7007022774180779,0.3889338330885065,0.988811362082226,0.7215367670658128,0.7156103208111649,9.34803032875061,data/benchmarks/final_h100_v4_campaign_seed231_all5/model_summary_with_fvd.csv
v4_qualitystrict_text,V4 quality-strict + text,2500,74.26438640051506,17.14809179773074,0.700618255509088,0.39025903841945453,0.9888294465318183,0.7227888744203527,0.7170370262748351,9.34908561706543,data/benchmarks/final_h100_v4_campaign_seed231_all5/model_summary_with_fvd.csv
v4_qualitystrict_text,V4 quality-strict + text,3000,77.04898267067767,17.150629472890294,0.7009760352393466,0.3898398981998114,0.9868725358277668,0.7217293690190937,0.7155601503888338,9.346597909927368,data/benchmarks/final_h100_v4_campaign_seed231_all5/model_summary_with_fvd.csv
v4_qualitystrict_text,V4 quality-strict + text,4000,75.6223094130547,17.14150238973,0.7005016956588748,0.38921871492345606,0.9883278908206805,0.7222480101788123,0.7161681672665845,9.348193597793578,data/benchmarks/final_h100_v4_campaign_seed231_all5/model_summary_with_fvd.csv
v4_qualitystrict_text,V4 quality-strict + text,5000,77.98061014332816,17.13307556858164,0.7001958781183679,0.3910372909093967,0.9891757721594441,0.7247286500993237,0.7187293394420278,9.36374111175537,data/benchmarks/final_h100_v4_campaign_seed231_all5/model_summary_with_fvd.csv
v4_qualitystrict_text,V4 quality-strict + text,6000,77.61176969199576,17.14888743730588,0.7009637349011657,0.3913471929202622,0.992535343644428,0.7246551550035109,0.7191135878322685,9.363190269470214,data/benchmarks/final_h100_v4_campaign_seed231_all5/model_summary_with_fvd.csv
v4_qualitystrict_text,V4 quality-strict + text,7000,75.43389224012526,17.141590163270678,0.7005992657237,0.38674194657868466,0.9911224779751535,0.7235298384675068,0.7176972997358206,9.352928876876831,data/benchmarks/final_h100_v4_campaign_seed231_all5/model_summary_with_fvd.csv
v4_qualitystrict_text,V4 quality-strict + text,7992,77.67824228342761,17.143569872270422,0.7004937203812005,0.3900300381185267,0.9845669441444279,0.72344400260952,0.7172914740955869,9.34900541305542,data/benchmarks/final_h100_v4_campaign_seed231_all5/model_summary_with_fvd.csv
